asset,checked_records,max_return_diff,failed_return_reconciliation,risk_level
AUDUSD,1249,9.996344030316351e-17,0,Low
EURUSD,1249,5.358669237509606e-16,0,Low
GOLD,1206,9.8879238130678e-17,0,Low
NASDAQ100,1204,9.974659986866641e-17,0,Low
SP500,1204,9.985502008591496e-17,0,Low
