asset,avg_return_after_cost,avg_volatility,avg_slippage_cost,total_cost,total_trades
EURUSD,0.000667,0.008928,3.4e-05,0.00094,1.0
NASDAQ100,-8.3e-05,0.014786,3.4e-05,0.040282,23.0
SP500,-0.000255,0.012923,3.3e-05,0.02445,17.0
AUDUSD,-0.000663,0.010574,2.7e-05,0.003545,3.0
GOLD,0.000303,0.011322,2e-05,0.016095,13.0
