asset,total_transaction_cost,total_slippage_cost,total_cost,cost_impact,total_trades
NASDAQ100,0.0075,0.034926,0.042426,0.0569,25.0
SP500,0.00575,0.024663,0.030413,0.0346,23.0
GOLD,0.005,0.022222,0.027222,0.0497,25.0
AUDUSD,0.00245,0.021099,0.023549,0.0163,35.0
EURUSD,0.00155,0.013008,0.014558,0.0153,31.0
