asset,checked_records,total_cost_recon_failures,after_cost_return_recon_failures,max_total_cost_diff,max_after_cost_return_diff,risk_level
AUDUSD,1250,0,0,1.0842021724855044e-19,1.0061396160665481e-16,Low
EURUSD,1250,0,0,1.0842021724855044e-19,1.0061396160665481e-16,Low
GOLD,1207,0,0,2.168404344971009e-19,1.0061396160665481e-16,Low
NASDAQ100,1205,0,0,2.168404344971009e-19,1.0061396160665481e-16,Low
SP500,1205,0,0,2.168404344971009e-19,1.0061396160665481e-16,Low
